rank,score,name,region,town,postcode,phone,email,website,services,service_text,reasons
1,26,Barassie Engineering Systems Ltd,Scotland,Ayr,KA8 9DJ,07739 812920,mgillies@barassie-engsys.co.uk,https://www.barassie-engsys.co.uk/,Commercial,Commercial installations only,+3 kw:commercial install; +4 density; +12 commercial-only focused; +3 ltd co; +4 own-brand domain
2,26,Phase 2 Phase Electrical Contractors Ltd,North West,Crewe,CW2 7NB,01270 444003,office@phase2phaseelectrical.com,https://www.phase2phaseelectrical.com,Commercial,Commercial installations only,+3 kw:commercial install; +4 density; +12 commercial-only focused; +3 ltd co; +4 own-brand domain
3,25,DPSS Cabling Services Ltd,London,London,EC2A 4NE,01895 251010,info@dpsscabling.co.uk,https://www.dpsscabling.co.uk,Commercial,Commercial installations only,+3 kw:commercial install; +3 density; +12 commercial-only focused; +3 ltd co; +4 own-brand domain
4,25,Elecktec Ltd,Yorkshire & Humber,Bradford,BD7 1JZ,01274 512791,darren@elecktec.co.uk,https://www.elecktec.co.uk,Commercial,Commercial installations only,+3 kw:commercial install; +3 density; +12 commercial-only focused; +3 ltd co; +4 own-brand domain
5,25,Pretty Wired Limited,London,London,SW2 5TN,02045 421890,info@prettywired.co.uk,https://www.prettywired.co.uk,Commercial,Commercial installations only,+3 kw:commercial install; +3 density; +12 commercial-only focused; +3 ltd co; +4 own-brand domain
6,25,Stay Current Limited,London,London,SE18 6RL,07737 868624,marcus@staycurrent.co.uk,https://www.staycurrent.co.uk,Commercial,Commercial installations only,+3 kw:commercial install; +3 density; +12 commercial-only focused; +3 ltd co; +4 own-brand domain
7,24,AIS Utilities Limited,South East,Sutton Coldfield,SM1 1EZ,02039 478846,enquiries@aisutilities.co.uk,https://www.aisutilities.co.uk,Commercial,Commercial installations only,+3 kw:commercial install; +6 density; +12 commercial-only focused; +3 ltd co
8,24,C&S Instrument Services Ltd (T/A CSI Technical),South East,Rochester,ME2 4ER,07393 977010,ianm@csitechnical.co.uk,https://www.kentkraftgroup.com,Commercial,Commercial installations only,+3 kw:commercial install; +6 density; +12 commercial-only focused; +3 ltd co
9,24,Goodridge Electrical Ltd,South East,Tunbridge Wells,TN1 1XP,01892 257122,info@gel.uk.com,https://www.gel.uk.com/,Commercial,Commercial installations only,+3 kw:commercial install; +6 density; +12 commercial-only focused; +3 ltd co
10,24,OJN ELECTRICAL LTD,South East,Dartford,DA1 5TQ,07956 605452,info@ojnelectrical.co.uk,https://www.ojnelectrical.co.uk,Commercial,Commercial installations only,+3 kw:commercial install; +6 density; +12 commercial-only focused; +3 ltd co
11,24,Stephen Parsons Associates Limited,South East,Twickenham,TW1 1DG,02087 442115,mark@spaltd.co.uk,https://www.spaltd.co.uk,Commercial,Commercial installations only,+3 kw:commercial install; +6 density; +12 commercial-only focused; +3 ltd co
12,24,TL Electrical (IOW) Ltd,South East,Newport,PO30 1YS,01983 525644,info@tl-electrical.co.uk,https://www.tl-electrical.co.uk,Commercial,Commercial installations only,+3 kw:commercial install; +6 density; +12 commercial-only focused; +3 ltd co
13,23,Barrett Contracts Ltd,Northern Ireland,Omagh,BT78 5EJ,02882249111 / 07881550882,alan@barrettcontracts.com,https://www.barrettcontracts.com,Commercial,Commercial installations only,+3 kw:commercial install; +1 density; +12 commercial-only focused; +3 ltd co; +4 own-brand domain
14,23,Colin Johnstone Electrical Contractor,Scotland,Glencaple,DG1 4RX,07720 463120,info@colinjohnstone.co.uk,https://www.colinjohnstone.co.uk,Commercial,Commercial installations only,+3 kw:commercial install; +4 density; +12 commercial-only focused; +4 own-brand domain
15,22,RJ Smith Electrical Engineers Ltd,Scotland,Paisley,PA1 2HQ,01418 480700,david@rjsmithelectrical.com,https://www.rjsmithelectrical.com,Commercial,Commercial installations only,+3 kw:commercial install; +4 density; +12 commercial-only focused; +3 ltd co
16,22,SES Building Services Ltd,North West,Preston,PR1 9DB,N/A,neil@sesbs.co.uk,https://www.sesbs.co.uk,Commercial,Commercial installations only,+3 kw:commercial install; +4 density; +12 commercial-only focused; +3 ltd co
17,21,Atlantis Facilities Ltd T/A Huddersfield Electrical Contractors,Yorkshire & Humber,Huddersfield,HD1 6RX,01484 421269,oliver@hec-ltd.com,https://www.hec-ltd.com,Commercial,Commercial installations only,+3 kw:commercial install; +3 density; +12 commercial-only focused; +3 ltd co
18,21,CrowdHouse Energy Limited,London,London,EC1N 8LE,N/A,info@che-uk.com,https://www.che-uk.com,Commercial,Commercial installations only,+3 kw:commercial install; +3 density; +12 commercial-only focused; +3 ltd co
19,21,MMI Building Services Ltd,West Midlands,Telford,TF1 1JT,07966 782851,markbenting@mmibuildingservicesltd.co.uk,https://www.mmibuildingservicesltd.com,Commercial,Commercial installations only,+3 kw:commercial install; +3 density; +12 commercial-only focused; +3 ltd co
20,21,Vic Coupland Ltd,Yorkshire & Humber,Hull,HU8 7BF,01482 323346,matthew@viccoupland.com,https://www.viccoupland.com,Commercial,Commercial installations only,+3 kw:commercial install; +3 density; +12 commercial-only focused; +3 ltd co
21,17,J Cooks t/a Rydal Utilities,East of England,Peterborough,PE1 2TP,01733 511116,energyops@rydal-group.co.uk,https://www.rydalutilities.co.uk,Commercial,Commercial installations only,+3 kw:commercial install; +2 density; +12 commercial-only focused
22,16,BGreenn Limited,North West,Blackburn,BB2 2DY,03330 090848,admin@bgreenn.co.uk,https://www.bgreenn.co.uk,Commercial|Residential,Commercial and residential installations,+4 density; +5 SMB mix; +3 ltd co; +4 own-brand domain
23,16,BlueApe Limited t/a Blue Ape Renewables,North West,Liverpool,L3 1BP,01514 524085,info@blueaperenewables.co.uk,https://www.blueaperenewables.co.uk,Commercial|Residential,Commercial and residential installations,+4 density; +5 SMB mix; +3 ltd co; +4 own-brand domain
24,16,BMES (Scotland) Ltd,Scotland,Bonnybridge,FK4 2AH,01324 430140,info@bmes-scotland.co.uk,https://www.bmesscotland.co.uk,Commercial|Residential,Commercial and residential installations,+4 density; +5 SMB mix; +3 ltd co; +4 own-brand domain
25,16,Border All Trades Ltd,Scotland,Galashiels,TD1 2PR,01896 493193,enquiries@borderalltrades.co.uk,https://www.borderalltrades.co.uk,Commercial|Residential,Commercial and residential installations,+4 density; +5 SMB mix; +3 ltd co; +4 own-brand domain
26,16,Brooktech Maintenance Services Ltd,North West,Stockport,SK1 2BY,07766 484246,james@brooktechmaintenance.com,https://www.brooktechmaintenance.com,Commercial|Residential,Commercial and residential installations,+4 density; +5 SMB mix; +3 ltd co; +4 own-brand domain
27,16,Cablecom Electrical Ltd,Scotland,Edinburgh,EH8 8EE,01316 569151,mail@cablecom-ltd.com,https://www.cablecom-ltd.com,Commercial|Residential,Commercial and residential installations,+4 density; +5 SMB mix; +3 ltd co; +4 own-brand domain
28,16,Clique Energy Ltd t/a Clique Energy,North West,Bolton,BL1 2EH,07990 002488,tommy@cliqueenergy.com,https://www.cliqueenergy.com,Commercial|Residential,Commercial and residential installations,+4 density; +5 SMB mix; +3 ltd co; +4 own-brand domain
29,15,Adtec Systems Ltd,South West,Plymouth,PL3 4BB,01752 395141,admin@adtecsystems.co.uk,https://www.adtecsystems.co.uk,Commercial|Residential,Commercial and residential installations,+3 density; +5 SMB mix; +3 ltd co; +4 own-brand domain
30,15,Afan Electrical Ltd,West Midlands,Aberystwyth,SY23 3JQ,01970630202 / 07875356783,mathew@afanelectrical.co.uk,https://www.afanelectrical.co.uk,Commercial|Residential,Commercial and residential installations,+3 density; +5 SMB mix; +3 ltd co; +4 own-brand domain
31,15,Affinity Electrical Services Ltd,Yorkshire & Humber,Sheffield,S4 7UQ,01143 627123,info@affinityelectric.co.uk,https://www.affinityelectric.co.uk/,Commercial|Residential,Commercial and residential installations,+3 density; +5 SMB mix; +3 ltd co; +4 own-brand domain
32,15,AfosGroup Limited,South West,Salisbury,SP2 9DJ,01722 682024,sam@afosgroup.co.uk,https://www.afosgroup.co.uk,Commercial|Residential,Commercial and residential installations,+3 density; +5 SMB mix; +3 ltd co; +4 own-brand domain
33,15,Agile Electrics Ltd,West Midlands,Birmingham,B9 4AU,08000 886319,info@agileelectrics.com,https://www.agileelectrics.com,Commercial|Residential,Commercial and residential installations,+3 density; +5 SMB mix; +3 ltd co; +4 own-brand domain
34,15,Allman Electrical Services Ltd,West Midlands,Worcester,WR1 1EE,07366 615818,matt@allmanelectrical.co.uk,https://www.allmanelectrical.co.uk/,Commercial|Residential,Commercial and residential installations,+3 density; +5 SMB mix; +3 ltd co; +4 own-brand domain
35,15,ATELMEC ENGINEERING LTD,London,London,W2 4TJ,07507 085795,antonis@atelmec.com,https://www.atelmec.com,Commercial|Residential,Commercial and residential installations,+3 density; +5 SMB mix; +3 ltd co; +4 own-brand domain
36,15,Avon Electrics Group Ltd T/A Avon Electrics,South West,Bristol,BS5 0HE,01225 255555,hello@avonelectrics.com,https://www.avonelectrics.com,Commercial|Residential,Commercial and residential installations,+3 density; +5 SMB mix; +3 ltd co; +4 own-brand domain
37,15,Bedoya Electrical LTD,London,London,SW4 7TB,02031678729 / 07498320285,info@bedoyaelectrical.com,https://www.bedoyaelectrical.com,Commercial|Residential,Commercial and residential installations,+3 density; +5 SMB mix; +3 ltd co; +4 own-brand domain
38,15,Birmingham Electrical Installations Ltd,West Midlands,Birmingham,B3 1RB,01218203644 / 07910192697,kelvin@birmingham-electrical.com,https://www.birmingham-electrical.com,Commercial|Residential,Commercial and residential installations,+3 density; +5 SMB mix; +3 ltd co; +4 own-brand domain
39,15,Cadi Electrics Ltd,West Midlands,Coventry,CV1 4PB,07598 407477,info@cadielectricsltd.com,https://www.cadielectricsltd.com,Commercial|Residential,Commercial and residential installations,+3 density; +5 SMB mix; +3 ltd co; +4 own-brand domain
40,15,Centre Great Ltd,Wales,Bridgend,CF31 2AD,01656 650481,info@centregreat.net,https://www.centregreat.co.uk,Commercial|Residential,Commercial and residential installations,+3 density; +5 SMB mix; +3 ltd co; +4 own-brand domain
41,15,Connect Electrical & Energy Services Ltd,Wales,Merthyr Tydfil,CF48 3TE,07734 011206,info@connectelectricaluk.com,https://www.connectelectricaluk.com/,Commercial|Residential,Commercial and residential installations,+3 density; +5 SMB mix; +3 ltd co; +4 own-brand domain
42,15,COOPS RENEWABLES LIMITED,Yorkshire & Humber,Sheffield,S4 7UQ,01143 212515,enquiries@coops-renewables.com,https://www.coops-renewables.com,Commercial|Residential,Commercial and residential installations,+3 density; +5 SMB mix; +3 ltd co; +4 own-brand domain
43,15,Cotswold EV Charging Ltd,South West,Gloucester,GL4 5WN,07557 362696,oli@cotswold-ev.co.uk,https://www.cotswold-ev.co.uk,Commercial|Residential,Commercial and residential installations,+3 density; +5 SMB mix; +3 ltd co; +4 own-brand domain
44,15,Countrywide Electrical Testing Ltd,South West,Plymouth,PL3 4BB,01752 936166,admin@cwet.co.uk,https://www.countrywideelectricaltesting.co.uk,Commercial|Residential,Commercial and residential installations,+3 density; +5 SMB mix; +3 ltd co; +4 own-brand domain
45,15,Dave Watton Electrical Ltd,South West,Salisbury,SP5 3NP,01725 557404,info@davewattonelectrical.co.uk,https://www.davewattonelectrical.co.uk,Commercial|Residential,Commercial and residential installations,+3 density; +5 SMB mix; +3 ltd co; +4 own-brand domain
46,15,Devitech Ltd,Yorkshire & Humber,Leeds,LS2 7HZ,08455 651314,projects@devitech.co.uk,https://www.devitech.co.uk,Commercial|Residential,Commercial and residential installations,+3 density; +5 SMB mix; +3 ltd co; +4 own-brand domain
47,15,Domestic Electrical Services Ltd T/A DomElec,Wales,Wrexham,LL11 4YL,01244 422101,dp@domelec.co.uk,https://www.domelec.co.uk,Commercial|Residential,Commercial and residential installations,+3 density; +5 SMB mix; +3 ltd co; +4 own-brand domain
48,15,Electrify Wales Ltd,Wales,Pembrokeshire,SA73 2RU,01646 839054,hello@electrify.wales,https://www.electrify.wales/,Commercial|Residential,Commercial and residential installations,+3 density; +5 SMB mix; +3 ltd co; +4 own-brand domain
49,15,Gower Renewables Limited,Wales,Swansea,SA7 9FG,01792 002529,info@gowerrenewables.co.uk,https://www.gowerrenewables.co.uk/,Commercial|Residential,Commercial and residential installations,+3 density; +5 SMB mix; +3 ltd co; +4 own-brand domain
50,15,Hannaby & Jones LTD,Wales,Wrexham,LL13 7QQ,01978 313639,info@hannabyandjones.co.uk,https://www.hannabyandjones.co.uk,Commercial|Residential,Commercial and residential installations,+3 density; +5 SMB mix; +3 ltd co; +4 own-brand domain
